transitions,roles,build_time,invalid_run,invalid_run_time,invalid_query,name
13,3,1.6301543712615967,False,0.16172528266906738,E<> trueGlobalLog[0].eventID == R1_e_4_ID and trueGlobalLog[1].eventID == R0_e_0_ID and trueGlobalLog[2].eventID == R1_e_2_ID and trueGlobalLog[3].eventID == R2_e_3_ID and trueGlobalLog[4].eventID == R1_e_0_ID and trueGlobalLog[5].eventID == R2_e_0_ID and trueGlobalLog[5].orderCount != 0,C:\Users\thore\OneDrive\Skrivebord\MasterThesis\SwarmProtocolVerification\src\example_protocols\5_roles_10_commands\0_max_5_roles_max_10_commands\0_max_5_roles_max_10_commands.json
3,1,0.5959129333496094,False,0.07779765129089355,E<> trueGlobalLog[0].eventID == R130_e_2_ID and trueGlobalLog[1].eventID == R130_e_0_ID and trueGlobalLog[2].eventID == R130_e_2_ID and trueGlobalLog[2].orderCount != 0,C:\Users\thore\OneDrive\Skrivebord\MasterThesis\SwarmProtocolVerification\src\example_protocols\5_roles_10_commands\10_max_5_roles_max_10_commands\10_max_5_roles_max_10_commands.json
22,4,2.1468706130981445,False,0.5689065456390381,E<> trueGlobalLog[0].eventID == R136_e_3_ID and trueGlobalLog[1].eventID == R138_e_3_ID and trueGlobalLog[2].eventID == R138_e_0_ID and trueGlobalLog[3].eventID == R137_e_1_ID and trueGlobalLog[4].eventID == R136_e_4_ID and trueGlobalLog[5].eventID == R135_e_4_ID and trueGlobalLog[5].orderCount != 0,C:\Users\thore\OneDrive\Skrivebord\MasterThesis\SwarmProtocolVerification\src\example_protocols\5_roles_10_commands\11_max_5_roles_max_10_commands\11_max_5_roles_max_10_commands.json
16,4,2.2048516273498535,False,0.11278438568115234,E<> trueGlobalLog[0].eventID == R159_e_0_ID and trueGlobalLog[1].eventID == R162_e_1_ID and trueGlobalLog[2].eventID == R160_e_3_ID and trueGlobalLog[3].eventID == R160_e_1_ID and trueGlobalLog[4].eventID == R160_e_5_ID and trueGlobalLog[5].eventID == R160_e_6_ID and trueGlobalLog[5].orderCount != 0,C:\Users\thore\OneDrive\Skrivebord\MasterThesis\SwarmProtocolVerification\src\example_protocols\5_roles_10_commands\12_max_5_roles_max_10_commands\12_max_5_roles_max_10_commands.json
17,4,2.203350782394409,False,0.25566673278808594,E<> trueGlobalLog[0].eventID == R180_e_4_ID and trueGlobalLog[1].eventID == R180_e_3_ID and trueGlobalLog[2].eventID == R181_e_2_ID and trueGlobalLog[3].eventID == R181_e_1_ID and trueGlobalLog[4].eventID == R180_e_7_ID and trueGlobalLog[5].eventID == R180_e_6_ID and trueGlobalLog[5].orderCount != 0,C:\Users\thore\OneDrive\Skrivebord\MasterThesis\SwarmProtocolVerification\src\example_protocols\5_roles_10_commands\13_max_5_roles_max_10_commands\13_max_5_roles_max_10_commands.json
11,3,1.6301796436309814,False,0.10823869705200195,E<> trueGlobalLog[0].eventID == R201_e_0_ID and trueGlobalLog[1].eventID == R201_e_7_ID and trueGlobalLog[2].eventID == R202_e_1_ID and trueGlobalLog[3].eventID == R201_e_2_ID and trueGlobalLog[4].eventID == R202_e_0_ID and trueGlobalLog[5].eventID == R201_e_4_ID and trueGlobalLog[5].orderCount != 0,C:\Users\thore\OneDrive\Skrivebord\MasterThesis\SwarmProtocolVerification\src\example_protocols\5_roles_10_commands\14_max_5_roles_max_10_commands\14_max_5_roles_max_10_commands.json
24,4,2.250572919845581,False,10.5835120677948,E<> trueGlobalLog[0].eventID == R219_e_3_ID and trueGlobalLog[1].eventID == R216_e_1_ID and trueGlobalLog[2].eventID == R219_e_2_ID and trueGlobalLog[3].eventID == R219_e_6_ID and trueGlobalLog[4].eventID == R217_e_3_ID and trueGlobalLog[5].eventID == R219_e_0_ID and trueGlobalLog[5].orderCount != 0,C:\Users\thore\OneDrive\Skrivebord\MasterThesis\SwarmProtocolVerification\src\example_protocols\5_roles_10_commands\15_max_5_roles_max_10_commands\15_max_5_roles_max_10_commands.json
28,4,2.2210843563079834,False,0.13717103004455566,E<> trueGlobalLog[0].eventID == R243_e_5_ID and trueGlobalLog[1].eventID == R242_e_3_ID and trueGlobalLog[2].eventID == R244_e_5_ID and trueGlobalLog[3].eventID == R243_e_7_ID and trueGlobalLog[4].eventID == R244_e_6_ID and trueGlobalLog[5].eventID == R245_e_4_ID and trueGlobalLog[5].orderCount != 0,C:\Users\thore\OneDrive\Skrivebord\MasterThesis\SwarmProtocolVerification\src\example_protocols\5_roles_10_commands\16_max_5_roles_max_10_commands\16_max_5_roles_max_10_commands.json
5,1,0.562293529510498,False,0.0670015811920166,E<> trueGlobalLog[0].eventID == R273_e_3_ID and trueGlobalLog[1].eventID == R273_e_2_ID and trueGlobalLog[2].eventID == R273_e_4_ID and trueGlobalLog[3].eventID == R273_e_0_ID and trueGlobalLog[4].eventID == R273_e_4_ID and trueGlobalLog[4].orderCount != 0,C:\Users\thore\OneDrive\Skrivebord\MasterThesis\SwarmProtocolVerification\src\example_protocols\5_roles_10_commands\17_max_5_roles_max_10_commands\17_max_5_roles_max_10_commands.json
6,1,0.5295019149780273,False,0.07821178436279297,E<> trueGlobalLog[0].eventID == R280_e_5_ID and trueGlobalLog[1].eventID == R280_e_2_ID and trueGlobalLog[2].eventID == R280_e_1_ID and trueGlobalLog[3].eventID == R280_e_0_ID and trueGlobalLog[4].eventID == R280_e_3_ID and trueGlobalLog[5].eventID == R280_e_0_ID and trueGlobalLog[5].orderCount != 0,C:\Users\thore\OneDrive\Skrivebord\MasterThesis\SwarmProtocolVerification\src\example_protocols\5_roles_10_commands\18_max_5_roles_max_10_commands\18_max_5_roles_max_10_commands.json
10,2,1.0369024276733398,False,0.12508511543273926,E<> trueGlobalLog[0].eventID == R288_e_1_ID and trueGlobalLog[1].eventID == R289_e_1_ID and trueGlobalLog[2].eventID == R288_e_0_ID and trueGlobalLog[3].eventID == R288_e_2_ID and trueGlobalLog[4].eventID == R289_e_0_ID and trueGlobalLog[5].eventID == R288_e_5_ID and trueGlobalLog[5].orderCount != 0,C:\Users\thore\OneDrive\Skrivebord\MasterThesis\SwarmProtocolVerification\src\example_protocols\5_roles_10_commands\19_max_5_roles_max_10_commands\19_max_5_roles_max_10_commands.json
18,4,2.389132261276245,False,269.37651085853577,E<> trueGlobalLog[0].eventID == R17_e_1_ID and trueGlobalLog[1].eventID == R18_e_1_ID and trueGlobalLog[2].eventID == R17_e_2_ID and trueGlobalLog[3].eventID == R16_e_2_ID and trueGlobalLog[4].eventID == R18_e_3_ID and trueGlobalLog[5].eventID == R17_e_3_ID and trueGlobalLog[5].orderCount != 0,C:\Users\thore\OneDrive\Skrivebord\MasterThesis\SwarmProtocolVerification\src\example_protocols\5_roles_10_commands\1_max_5_roles_max_10_commands\1_max_5_roles_max_10_commands.json
6,1,0.6657476425170898,False,0.14278483390808105,E<> trueGlobalLog[0].eventID == R300_e_0_ID and trueGlobalLog[1].eventID == R300_e_4_ID and trueGlobalLog[2].eventID == R300_e_3_ID and trueGlobalLog[3].eventID == R300_e_5_ID and trueGlobalLog[4].eventID == R300_e_1_ID and trueGlobalLog[5].eventID == R300_e_4_ID and trueGlobalLog[5].orderCount != 0,C:\Users\thore\OneDrive\Skrivebord\MasterThesis\SwarmProtocolVerification\src\example_protocols\5_roles_10_commands\20_max_5_roles_max_10_commands\20_max_5_roles_max_10_commands.json
18,3,1.610701322555542,False,0.7485473155975342,E<> trueGlobalLog[0].eventID == R309_e_5_ID and trueGlobalLog[1].eventID == R309_e_0_ID and trueGlobalLog[2].eventID == R310_e_0_ID and trueGlobalLog[3].eventID == R309_e_2_ID and trueGlobalLog[4].eventID == R308_e_1_ID and trueGlobalLog[5].eventID == R310_e_2_ID and trueGlobalLog[5].orderCount != 0,C:\Users\thore\OneDrive\Skrivebord\MasterThesis\SwarmProtocolVerification\src\example_protocols\5_roles_10_commands\21_max_5_roles_max_10_commands\21_max_5_roles_max_10_commands.json
24,4,2.3114736080169678,False,7.836081504821777,E<> trueGlobalLog[0].eventID == R331_e_0_ID and trueGlobalLog[1].eventID == R331_e_1_ID and trueGlobalLog[2].eventID == R331_e_3_ID and trueGlobalLog[3].eventID == R329_e_1_ID and trueGlobalLog[4].eventID == R328_e_6_ID and trueGlobalLog[5].eventID == R329_e_4_ID and trueGlobalLog[5].orderCount != 0,C:\Users\thore\OneDrive\Skrivebord\MasterThesis\SwarmProtocolVerification\src\example_protocols\5_roles_10_commands\22_max_5_roles_max_10_commands\22_max_5_roles_max_10_commands.json
3,1,0.5235073566436768,False,0.07976126670837402,E<> trueGlobalLog[0].eventID == R354_e_2_ID and trueGlobalLog[1].eventID == R354_e_0_ID and trueGlobalLog[2].eventID == R354_e_2_ID and trueGlobalLog[2].orderCount != 0,C:\Users\thore\OneDrive\Skrivebord\MasterThesis\SwarmProtocolVerification\src\example_protocols\5_roles_10_commands\23_max_5_roles_max_10_commands\23_max_5_roles_max_10_commands.json
1,1,0.5276963710784912,True,0.08099031448364258,E<> trueGlobalLog[0].eventID == R358_e_0_ID and trueGlobalLog[0].orderCount != 0,C:\Users\thore\OneDrive\Skrivebord\MasterThesis\SwarmProtocolVerification\src\example_protocols\5_roles_10_commands\24_max_5_roles_max_10_commands\24_max_5_roles_max_10_commands.json
7,1,0.49721336364746094,False,0.07724642753601074,E<> trueGlobalLog[0].eventID == R361_e_2_ID and trueGlobalLog[1].eventID == R361_e_6_ID and trueGlobalLog[2].eventID == R361_e_0_ID and trueGlobalLog[3].eventID == R361_e_5_ID and trueGlobalLog[4].eventID == R361_e_4_ID and trueGlobalLog[5].eventID == R361_e_2_ID and trueGlobalLog[5].orderCount != 0,C:\Users\thore\OneDrive\Skrivebord\MasterThesis\SwarmProtocolVerification\src\example_protocols\5_roles_10_commands\25_max_5_roles_max_10_commands\25_max_5_roles_max_10_commands.json
22,3,1.6571547985076904,False,0.09355020523071289,E<> trueGlobalLog[0].eventID == R372_e_0_ID and trueGlobalLog[1].eventID == R372_e_1_ID and trueGlobalLog[2].eventID == R371_e_0_ID and trueGlobalLog[3].eventID == R371_e_1_ID and trueGlobalLog[4].eventID == R370_e_1_ID and trueGlobalLog[5].eventID == R372_e_3_ID and trueGlobalLog[5].orderCount != 0,C:\Users\thore\OneDrive\Skrivebord\MasterThesis\SwarmProtocolVerification\src\example_protocols\5_roles_10_commands\26_max_5_roles_max_10_commands\26_max_5_roles_max_10_commands.json
2,1,0.5309674739837646,False,0.07782673835754395,E<> trueGlobalLog[0].eventID == R396_e_0_ID and trueGlobalLog[1].eventID == R396_e_0_ID and trueGlobalLog[1].orderCount != 0,C:\Users\thore\OneDrive\Skrivebord\MasterThesis\SwarmProtocolVerification\src\example_protocols\5_roles_10_commands\27_max_5_roles_max_10_commands\27_max_5_roles_max_10_commands.json
8,3,1.6232342720031738,False,0.17790532112121582,E<> trueGlobalLog[0].eventID == R401_e_0_ID and trueGlobalLog[1].eventID == R402_e_1_ID and trueGlobalLog[2].eventID == R402_e_4_ID and trueGlobalLog[3].eventID == R401_e_1_ID and trueGlobalLog[4].eventID == R402_e_2_ID and trueGlobalLog[5].eventID == R402_e_2_ID and trueGlobalLog[5].orderCount != 0,C:\Users\thore\OneDrive\Skrivebord\MasterThesis\SwarmProtocolVerification\src\example_protocols\5_roles_10_commands\28_max_5_roles_max_10_commands\28_max_5_roles_max_10_commands.json
23,4,2.168412685394287,False,0.1405014991760254,E<> trueGlobalLog[0].eventID == R413_e_0_ID and trueGlobalLog[1].eventID == R413_e_1_ID and trueGlobalLog[2].eventID == R414_e_0_ID and trueGlobalLog[3].eventID == R414_e_2_ID and trueGlobalLog[4].eventID == R411_e_6_ID and trueGlobalLog[5].eventID == R414_e_3_ID and trueGlobalLog[5].orderCount != 0,C:\Users\thore\OneDrive\Skrivebord\MasterThesis\SwarmProtocolVerification\src\example_protocols\5_roles_10_commands\29_max_5_roles_max_10_commands\29_max_5_roles_max_10_commands.json
7,2,1.0499112606048584,False,0.07988953590393066,E<> trueGlobalLog[0].eventID == R36_e_3_ID and trueGlobalLog[1].eventID == R36_e_2_ID and trueGlobalLog[2].eventID == R37_e_0_ID and trueGlobalLog[3].eventID == R36_e_0_ID and trueGlobalLog[4].eventID == R37_e_1_ID and trueGlobalLog[5].eventID == R36_e_1_ID and trueGlobalLog[5].orderCount != 0,C:\Users\thore\OneDrive\Skrivebord\MasterThesis\SwarmProtocolVerification\src\example_protocols\5_roles_10_commands\2_max_5_roles_max_10_commands\2_max_5_roles_max_10_commands.json
25,4,2.255537509918213,False,116.09454321861267,E<> trueGlobalLog[0].eventID == R439_e_4_ID and trueGlobalLog[1].eventID == R440_e_4_ID and trueGlobalLog[2].eventID == R439_e_2_ID and trueGlobalLog[3].eventID == R440_e_1_ID and trueGlobalLog[4].eventID == R441_e_7_ID and trueGlobalLog[5].eventID == R438_e_0_ID and trueGlobalLog[5].orderCount != 0,C:\Users\thore\OneDrive\Skrivebord\MasterThesis\SwarmProtocolVerification\src\example_protocols\5_roles_10_commands\30_max_5_roles_max_10_commands\30_max_5_roles_max_10_commands.json
23,3,1.6838500499725342,False,102.33219838142395,E<> trueGlobalLog[0].eventID == R465_e_4_ID and trueGlobalLog[1].eventID == R465_e_2_ID and trueGlobalLog[2].eventID == R466_e_0_ID and trueGlobalLog[3].eventID == R465_e_1_ID and trueGlobalLog[4].eventID == R467_e_7_ID and trueGlobalLog[5].eventID == R465_e_4_ID and trueGlobalLog[5].orderCount != 0,C:\Users\thore\OneDrive\Skrivebord\MasterThesis\SwarmProtocolVerification\src\example_protocols\5_roles_10_commands\31_max_5_roles_max_10_commands\31_max_5_roles_max_10_commands.json
25,4,2.1686294078826904,False,3.0183491706848145,E<> trueGlobalLog[0].eventID == R491_e_3_ID and trueGlobalLog[1].eventID == R490_e_5_ID and trueGlobalLog[2].eventID == R491_e_1_ID and trueGlobalLog[3].eventID == R490_e_2_ID and trueGlobalLog[4].eventID == R491_e_4_ID and trueGlobalLog[5].eventID == R492_e_1_ID and trueGlobalLog[5].orderCount != 0,C:\Users\thore\OneDrive\Skrivebord\MasterThesis\SwarmProtocolVerification\src\example_protocols\5_roles_10_commands\32_max_5_roles_max_10_commands\32_max_5_roles_max_10_commands.json
25,4,2.1630373001098633,False,0.3297848701477051,E<> trueGlobalLog[0].eventID == R518_e_0_ID and trueGlobalLog[1].eventID == R517_e_0_ID and trueGlobalLog[2].eventID == R519_e_4_ID and trueGlobalLog[3].eventID == R518_e_3_ID and trueGlobalLog[4].eventID == R517_e_3_ID and trueGlobalLog[5].eventID == R516_e_1_ID and trueGlobalLog[5].orderCount != 0,C:\Users\thore\OneDrive\Skrivebord\MasterThesis\SwarmProtocolVerification\src\example_protocols\5_roles_10_commands\33_max_5_roles_max_10_commands\33_max_5_roles_max_10_commands.json
15,3,1.6060595512390137,False,0.7854547500610352,E<> trueGlobalLog[0].eventID == R544_e_2_ID and trueGlobalLog[1].eventID == R545_e_3_ID and trueGlobalLog[2].eventID == R544_e_4_ID and trueGlobalLog[3].eventID == R544_e_1_ID and trueGlobalLog[4].eventID == R546_e_3_ID and trueGlobalLog[5].eventID == R545_e_5_ID and trueGlobalLog[5].orderCount != 0,C:\Users\thore\OneDrive\Skrivebord\MasterThesis\SwarmProtocolVerification\src\example_protocols\5_roles_10_commands\34_max_5_roles_max_10_commands\34_max_5_roles_max_10_commands.json
17,3,1.6532645225524902,False,1.8917386531829834,E<> trueGlobalLog[0].eventID == R563_e_3_ID and trueGlobalLog[1].eventID == R563_e_2_ID and trueGlobalLog[2].eventID == R563_e_7_ID and trueGlobalLog[3].eventID == R563_e_6_ID and trueGlobalLog[4].eventID == R562_e_3_ID and trueGlobalLog[5].eventID == R562_e_1_ID and trueGlobalLog[5].orderCount != 0,C:\Users\thore\OneDrive\Skrivebord\MasterThesis\SwarmProtocolVerification\src\example_protocols\5_roles_10_commands\35_max_5_roles_max_10_commands\35_max_5_roles_max_10_commands.json
6,2,1.0409400463104248,False,0.08028149604797363,E<> trueGlobalLog[0].eventID == R580_e_0_ID and trueGlobalLog[1].eventID == R580_e_1_ID and trueGlobalLog[2].eventID == R581_e_3_ID and trueGlobalLog[3].eventID == R581_e_0_ID and trueGlobalLog[4].eventID == R581_e_2_ID and trueGlobalLog[5].eventID == R580_e_1_ID and trueGlobalLog[5].orderCount != 0,C:\Users\thore\OneDrive\Skrivebord\MasterThesis\SwarmProtocolVerification\src\example_protocols\5_roles_10_commands\36_max_5_roles_max_10_commands\36_max_5_roles_max_10_commands.json
5,1,0.5356118679046631,False,0.08153414726257324,E<> trueGlobalLog[0].eventID == R589_e_0_ID and trueGlobalLog[1].eventID == R589_e_1_ID and trueGlobalLog[2].eventID == R589_e_4_ID and trueGlobalLog[3].eventID == R589_e_3_ID and trueGlobalLog[4].eventID == R589_e_4_ID and trueGlobalLog[4].orderCount != 0,C:\Users\thore\OneDrive\Skrivebord\MasterThesis\SwarmProtocolVerification\src\example_protocols\5_roles_10_commands\37_max_5_roles_max_10_commands\37_max_5_roles_max_10_commands.json
17,3,1.725541114807129,False,1.768162488937378,E<> trueGlobalLog[0].eventID == R596_e_0_ID and trueGlobalLog[1].eventID == R598_e_6_ID and trueGlobalLog[2].eventID == R598_e_2_ID and trueGlobalLog[3].eventID == R598_e_0_ID and trueGlobalLog[4].eventID == R598_e_5_ID and trueGlobalLog[5].eventID == R598_e_5_ID and trueGlobalLog[5].orderCount != 0,C:\Users\thore\OneDrive\Skrivebord\MasterThesis\SwarmProtocolVerification\src\example_protocols\5_roles_10_commands\38_max_5_roles_max_10_commands\38_max_5_roles_max_10_commands.json
8,1,0.5176551342010498,False,0.10903239250183105,E<> trueGlobalLog[0].eventID == R615_e_1_ID and trueGlobalLog[1].eventID == R615_e_0_ID and trueGlobalLog[2].eventID == R615_e_4_ID and trueGlobalLog[3].eventID == R615_e_5_ID and trueGlobalLog[4].eventID == R615_e_7_ID and trueGlobalLog[5].eventID == R615_e_7_ID and trueGlobalLog[5].orderCount != 0,C:\Users\thore\OneDrive\Skrivebord\MasterThesis\SwarmProtocolVerification\src\example_protocols\5_roles_10_commands\39_max_5_roles_max_10_commands\39_max_5_roles_max_10_commands.json
12,3,1.712573766708374,False,1.7688524723052979,E<> trueGlobalLog[0].eventID == R48_e_0_ID and trueGlobalLog[1].eventID == R47_e_2_ID and trueGlobalLog[2].eventID == R48_e_3_ID and trueGlobalLog[3].eventID == R47_e_6_ID and trueGlobalLog[4].eventID == R47_e_4_ID and trueGlobalLog[5].eventID == R47_e_2_ID and trueGlobalLog[5].orderCount != 0,C:\Users\thore\OneDrive\Skrivebord\MasterThesis\SwarmProtocolVerification\src\example_protocols\5_roles_10_commands\3_max_5_roles_max_10_commands\3_max_5_roles_max_10_commands.json
7,1,0.5211923122406006,False,0.06456255912780762,E<> trueGlobalLog[0].eventID == R624_e_0_ID and trueGlobalLog[1].eventID == R624_e_5_ID and trueGlobalLog[2].eventID == R624_e_6_ID and trueGlobalLog[3].eventID == R624_e_1_ID and trueGlobalLog[4].eventID == R624_e_4_ID and trueGlobalLog[5].eventID == R624_e_2_ID and trueGlobalLog[5].orderCount != 0,C:\Users\thore\OneDrive\Skrivebord\MasterThesis\SwarmProtocolVerification\src\example_protocols\5_roles_10_commands\40_max_5_roles_max_10_commands\40_max_5_roles_max_10_commands.json
21,4,2.2245988845825195,False,0.12217211723327637,E<> trueGlobalLog[0].eventID == R635_e_5_ID and trueGlobalLog[1].eventID == R633_e_1_ID and trueGlobalLog[2].eventID == R635_e_4_ID and trueGlobalLog[3].eventID == R634_e_0_ID and trueGlobalLog[4].eventID == R634_e_5_ID and trueGlobalLog[5].eventID == R634_e_7_ID and trueGlobalLog[5].orderCount != 0,C:\Users\thore\OneDrive\Skrivebord\MasterThesis\SwarmProtocolVerification\src\example_protocols\5_roles_10_commands\41_max_5_roles_max_10_commands\41_max_5_roles_max_10_commands.json
7,2,1.116563081741333,False,0.08400106430053711,E<> trueGlobalLog[0].eventID == R660_e_5_ID and trueGlobalLog[1].eventID == R660_e_2_ID and trueGlobalLog[2].eventID == R660_e_0_ID and trueGlobalLog[3].eventID == R660_e_4_ID and trueGlobalLog[3].orderCount != 0,C:\Users\thore\OneDrive\Skrivebord\MasterThesis\SwarmProtocolVerification\src\example_protocols\5_roles_10_commands\42_max_5_roles_max_10_commands\42_max_5_roles_max_10_commands.json
7,1,0.5218784809112549,False,0.07365846633911133,E<> trueGlobalLog[0].eventID == R669_e_2_ID and trueGlobalLog[1].eventID == R669_e_4_ID and trueGlobalLog[2].eventID == R669_e_6_ID and trueGlobalLog[3].eventID == R669_e_5_ID and trueGlobalLog[4].eventID == R669_e_0_ID and trueGlobalLog[5].eventID == R669_e_5_ID and trueGlobalLog[5].orderCount != 0,C:\Users\thore\OneDrive\Skrivebord\MasterThesis\SwarmProtocolVerification\src\example_protocols\5_roles_10_commands\43_max_5_roles_max_10_commands\43_max_5_roles_max_10_commands.json
13,3,1.6609368324279785,False,0.09769034385681152,E<> trueGlobalLog[0].eventID == R679_e_3_ID and trueGlobalLog[1].eventID == R679_e_2_ID and trueGlobalLog[2].eventID == R678_e_0_ID and trueGlobalLog[3].eventID == R679_e_5_ID and trueGlobalLog[4].eventID == R678_e_1_ID and trueGlobalLog[5].eventID == R680_e_1_ID and trueGlobalLog[5].orderCount != 0,C:\Users\thore\OneDrive\Skrivebord\MasterThesis\SwarmProtocolVerification\src\example_protocols\5_roles_10_commands\44_max_5_roles_max_10_commands\44_max_5_roles_max_10_commands.json
19,3,1.7036347389221191,False,1.5836174488067627,E<> trueGlobalLog[0].eventID == R695_e_2_ID and trueGlobalLog[1].eventID == R695_e_1_ID and trueGlobalLog[2].eventID == R696_e_3_ID and trueGlobalLog[3].eventID == R697_e_2_ID and trueGlobalLog[4].eventID == R696_e_1_ID and trueGlobalLog[5].eventID == R697_e_0_ID and trueGlobalLog[5].orderCount != 0,C:\Users\thore\OneDrive\Skrivebord\MasterThesis\SwarmProtocolVerification\src\example_protocols\5_roles_10_commands\45_max_5_roles_max_10_commands\45_max_5_roles_max_10_commands.json
14,3,1.5912840366363525,False,0.13510680198669434,E<> trueGlobalLog[0].eventID == R717_e_4_ID and trueGlobalLog[1].eventID == R718_e_0_ID and trueGlobalLog[2].eventID == R716_e_3_ID and trueGlobalLog[3].eventID == R717_e_5_ID and trueGlobalLog[4].eventID == R717_e_2_ID and trueGlobalLog[5].eventID == R717_e_6_ID and trueGlobalLog[5].orderCount != 0,C:\Users\thore\OneDrive\Skrivebord\MasterThesis\SwarmProtocolVerification\src\example_protocols\5_roles_10_commands\46_max_5_roles_max_10_commands\46_max_5_roles_max_10_commands.json
4,2,1.1737573146820068,True,0.0800318717956543,E<> trueGlobalLog[0].eventID == R732_e_1_ID and trueGlobalLog[1].eventID == R732_e_2_ID and trueGlobalLog[1].orderCount != 0,C:\Users\thore\OneDrive\Skrivebord\MasterThesis\SwarmProtocolVerification\src\example_protocols\5_roles_10_commands\47_max_5_roles_max_10_commands\47_max_5_roles_max_10_commands.json
10,2,1.0775983333587646,False,0.11369752883911133,E<> trueGlobalLog[0].eventID == R739_e_3_ID and trueGlobalLog[1].eventID == R738_e_3_ID and trueGlobalLog[2].eventID == R738_e_0_ID and trueGlobalLog[3].eventID == R739_e_2_ID and trueGlobalLog[4].eventID == R738_e_0_ID and trueGlobalLog[4].orderCount != 0,C:\Users\thore\OneDrive\Skrivebord\MasterThesis\SwarmProtocolVerification\src\example_protocols\5_roles_10_commands\48_max_5_roles_max_10_commands\48_max_5_roles_max_10_commands.json
22,4,2.3149030208587646,False,16.60019850730896,E<> trueGlobalLog[0].eventID == R750_e_0_ID and trueGlobalLog[1].eventID == R750_e_3_ID and trueGlobalLog[2].eventID == R752_e_1_ID and trueGlobalLog[3].eventID == R750_e_2_ID and trueGlobalLog[4].eventID == R752_e_2_ID and trueGlobalLog[5].eventID == R753_e_0_ID and trueGlobalLog[5].orderCount != 0,C:\Users\thore\OneDrive\Skrivebord\MasterThesis\SwarmProtocolVerification\src\example_protocols\5_roles_10_commands\49_max_5_roles_max_10_commands\49_max_5_roles_max_10_commands.json
18,3,1.739556074142456,False,0.1072695255279541,E<> trueGlobalLog[0].eventID == R62_e_1_ID and trueGlobalLog[1].eventID == R62_e_2_ID and trueGlobalLog[2].eventID == R61_e_7_ID and trueGlobalLog[3].eventID == R62_e_7_ID and trueGlobalLog[4].eventID == R60_e_0_ID and trueGlobalLog[5].eventID == R60_e_0_ID and trueGlobalLog[5].orderCount != 0,C:\Users\thore\OneDrive\Skrivebord\MasterThesis\SwarmProtocolVerification\src\example_protocols\5_roles_10_commands\4_max_5_roles_max_10_commands\4_max_5_roles_max_10_commands.json
8,2,1.0471014976501465,False,0.09435558319091797,E<> trueGlobalLog[0].eventID == R774_e_1_ID and trueGlobalLog[1].eventID == R775_e_0_ID and trueGlobalLog[2].eventID == R774_e_0_ID and trueGlobalLog[3].eventID == R775_e_5_ID and trueGlobalLog[4].eventID == R775_e_2_ID and trueGlobalLog[5].eventID == R775_e_5_ID and trueGlobalLog[5].orderCount != 0,C:\Users\thore\OneDrive\Skrivebord\MasterThesis\SwarmProtocolVerification\src\example_protocols\5_roles_10_commands\50_max_5_roles_max_10_commands\50_max_5_roles_max_10_commands.json
8,1,0.544419527053833,False,0.08190369606018066,E<> trueGlobalLog[0].eventID == R784_e_6_ID and trueGlobalLog[1].eventID == R784_e_1_ID and trueGlobalLog[2].eventID == R784_e_3_ID and trueGlobalLog[3].eventID == R784_e_5_ID and trueGlobalLog[3].orderCount != 0,C:\Users\thore\OneDrive\Skrivebord\MasterThesis\SwarmProtocolVerification\src\example_protocols\5_roles_10_commands\51_max_5_roles_max_10_commands\51_max_5_roles_max_10_commands.json
25,4,2.1884031295776367,False,1.6504614353179932,E<> trueGlobalLog[0].eventID == R796_e_3_ID and trueGlobalLog[1].eventID == R796_e_2_ID and trueGlobalLog[2].eventID == R794_e_3_ID and trueGlobalLog[3].eventID == R794_e_5_ID and trueGlobalLog[4].eventID == R795_e_5_ID and trueGlobalLog[5].eventID == R796_e_0_ID and trueGlobalLog[5].orderCount != 0,C:\Users\thore\OneDrive\Skrivebord\MasterThesis\SwarmProtocolVerification\src\example_protocols\5_roles_10_commands\52_max_5_roles_max_10_commands\52_max_5_roles_max_10_commands.json
4,1,0.541621208190918,False,0.08216452598571777,E<> trueGlobalLog[0].eventID == R821_e_3_ID and trueGlobalLog[1].eventID == R821_e_2_ID and trueGlobalLog[2].eventID == R821_e_0_ID and trueGlobalLog[3].eventID == R821_e_2_ID and trueGlobalLog[3].orderCount != 0,C:\Users\thore\OneDrive\Skrivebord\MasterThesis\SwarmProtocolVerification\src\example_protocols\5_roles_10_commands\53_max_5_roles_max_10_commands\53_max_5_roles_max_10_commands.json
16,3,1.5698249340057373,False,0.17242193222045898,E<> trueGlobalLog[0].eventID == R827_e_6_ID and trueGlobalLog[1].eventID == R827_e_2_ID and trueGlobalLog[2].eventID == R827_e_3_ID and trueGlobalLog[3].eventID == R827_e_5_ID and trueGlobalLog[4].eventID == R826_e_0_ID and trueGlobalLog[5].eventID == R826_e_4_ID and trueGlobalLog[5].orderCount != 0,C:\Users\thore\OneDrive\Skrivebord\MasterThesis\SwarmProtocolVerification\src\example_protocols\5_roles_10_commands\54_max_5_roles_max_10_commands\54_max_5_roles_max_10_commands.json
13,2,1.0524036884307861,False,0.15685009956359863,E<> trueGlobalLog[0].eventID == R846_e_4_ID and trueGlobalLog[1].eventID == R846_e_5_ID and trueGlobalLog[2].eventID == R845_e_3_ID and trueGlobalLog[3].eventID == R846_e_2_ID and trueGlobalLog[4].eventID == R846_e_0_ID and trueGlobalLog[5].eventID == R846_e_5_ID and trueGlobalLog[5].orderCount != 0,C:\Users\thore\OneDrive\Skrivebord\MasterThesis\SwarmProtocolVerification\src\example_protocols\5_roles_10_commands\55_max_5_roles_max_10_commands\55_max_5_roles_max_10_commands.json
19,4,2.238428831100464,False,0.20697855949401855,E<> trueGlobalLog[0].eventID == R862_e_2_ID and trueGlobalLog[1].eventID == R862_e_1_ID and trueGlobalLog[2].eventID == R860_e_0_ID and trueGlobalLog[3].eventID == R862_e_0_ID and trueGlobalLog[4].eventID == R860_e_3_ID and trueGlobalLog[5].eventID == R860_e_1_ID and trueGlobalLog[5].orderCount != 0,C:\Users\thore\OneDrive\Skrivebord\MasterThesis\SwarmProtocolVerification\src\example_protocols\5_roles_10_commands\56_max_5_roles_max_10_commands\56_max_5_roles_max_10_commands.json
15,3,1.5464093685150146,False,0.11000823974609375,E<> trueGlobalLog[0].eventID == R885_e_3_ID and trueGlobalLog[1].eventID == R883_e_1_ID and trueGlobalLog[2].eventID == R885_e_4_ID and trueGlobalLog[3].eventID == R883_e_5_ID and trueGlobalLog[4].eventID == R885_e_1_ID and trueGlobalLog[5].eventID == R885_e_4_ID and trueGlobalLog[5].orderCount != 0,C:\Users\thore\OneDrive\Skrivebord\MasterThesis\SwarmProtocolVerification\src\example_protocols\5_roles_10_commands\57_max_5_roles_max_10_commands\57_max_5_roles_max_10_commands.json
7,2,0.999375581741333,False,0.10775113105773926,E<> trueGlobalLog[0].eventID == R903_e_4_ID and trueGlobalLog[1].eventID == R902_e_0_ID and trueGlobalLog[2].eventID == R903_e_2_ID and trueGlobalLog[3].eventID == R903_e_3_ID and trueGlobalLog[3].orderCount != 0,C:\Users\thore\OneDrive\Skrivebord\MasterThesis\SwarmProtocolVerification\src\example_protocols\5_roles_10_commands\58_max_5_roles_max_10_commands\58_max_5_roles_max_10_commands.json
6,1,0.5508177280426025,False,0.10316348075866699,E<> trueGlobalLog[0].eventID == R911_e_5_ID and trueGlobalLog[1].eventID == R911_e_3_ID and trueGlobalLog[2].eventID == R911_e_4_ID and trueGlobalLog[3].eventID == R911_e_0_ID and trueGlobalLog[4].eventID == R911_e_1_ID and trueGlobalLog[4].orderCount != 0,C:\Users\thore\OneDrive\Skrivebord\MasterThesis\SwarmProtocolVerification\src\example_protocols\5_roles_10_commands\59_max_5_roles_max_10_commands\59_max_5_roles_max_10_commands.json
6,2,1.038818359375,False,0.0937495231628418,E<> trueGlobalLog[0].eventID == R82_e_2_ID and trueGlobalLog[1].eventID == R82_e_0_ID and trueGlobalLog[2].eventID == R82_e_1_ID and trueGlobalLog[3].eventID == R82_e_4_ID and trueGlobalLog[4].eventID == R83_e_0_ID and trueGlobalLog[5].eventID == R82_e_4_ID and trueGlobalLog[5].orderCount != 0,C:\Users\thore\OneDrive\Skrivebord\MasterThesis\SwarmProtocolVerification\src\example_protocols\5_roles_10_commands\5_max_5_roles_max_10_commands\5_max_5_roles_max_10_commands.json
11,3,1.5830483436584473,False,21533.76345181465,E<> trueGlobalLog[0].eventID == R917_e_4_ID and trueGlobalLog[1].eventID == R919_e_3_ID and trueGlobalLog[2].eventID == R919_e_1_ID and trueGlobalLog[3].eventID == R917_e_2_ID and trueGlobalLog[4].eventID == R919_e_2_ID and trueGlobalLog[5].eventID == R919_e_2_ID and trueGlobalLog[5].orderCount != 0,C:\Users\thore\OneDrive\Skrivebord\MasterThesis\SwarmProtocolVerification\src\example_protocols\5_roles_10_commands\60_max_5_roles_max_10_commands\60_max_5_roles_max_10_commands.json
17,4,3.4524986743927,False,0.38900065422058105,E<> trueGlobalLog[0].eventID == R931_e_1_ID and trueGlobalLog[1].eventID == R929_e_1_ID and trueGlobalLog[2].eventID == R932_e_6_ID and trueGlobalLog[3].eventID == R932_e_0_ID and trueGlobalLog[4].eventID == R932_e_3_ID and trueGlobalLog[5].eventID == R930_e_1_ID and trueGlobalLog[5].orderCount != 0,C:\Users\thore\OneDrive\Skrivebord\MasterThesis\SwarmProtocolVerification\src\example_protocols\5_roles_10_commands\61_max_5_roles_max_10_commands\61_max_5_roles_max_10_commands.json
7,3,2.0115766525268555,False,0.13500070571899414,E<> trueGlobalLog[0].eventID == R951_e_3_ID and trueGlobalLog[1].eventID == R953_e_0_ID and trueGlobalLog[2].eventID == R953_e_1_ID and trueGlobalLog[3].eventID == R952_e_0_ID and trueGlobalLog[4].eventID == R951_e_0_ID and trueGlobalLog[5].eventID == R951_e_0_ID and trueGlobalLog[5].orderCount != 0,C:\Users\thore\OneDrive\Skrivebord\MasterThesis\SwarmProtocolVerification\src\example_protocols\5_roles_10_commands\62_max_5_roles_max_10_commands\62_max_5_roles_max_10_commands.json
16,3,2.407524585723877,False,0.12000489234924316,E<> trueGlobalLog[0].eventID == R964_e_5_ID and trueGlobalLog[1].eventID == R964_e_2_ID and trueGlobalLog[2].eventID == R964_e_6_ID and trueGlobalLog[3].eventID == R963_e_2_ID and trueGlobalLog[4].eventID == R963_e_7_ID and trueGlobalLog[5].eventID == R964_e_2_ID and trueGlobalLog[5].orderCount != 0,C:\Users\thore\OneDrive\Skrivebord\MasterThesis\SwarmProtocolVerification\src\example_protocols\5_roles_10_commands\63_max_5_roles_max_10_commands\63_max_5_roles_max_10_commands.json
6,3,2.0938572883605957,False,0.10600090026855469,E<> trueGlobalLog[0].eventID == R981_e_1_ID and trueGlobalLog[1].eventID == R982_e_0_ID and trueGlobalLog[2].eventID == R982_e_1_ID and trueGlobalLog[3].eventID == R983_e_0_ID and trueGlobalLog[4].eventID == R981_e_0_ID and trueGlobalLog[5].eventID == R983_e_0_ID and trueGlobalLog[5].orderCount != 0,C:\Users\thore\OneDrive\Skrivebord\MasterThesis\SwarmProtocolVerification\src\example_protocols\5_roles_10_commands\64_max_5_roles_max_10_commands\64_max_5_roles_max_10_commands.json
2,1,0.631462812423706,False,0.09577584266662598,E<> trueGlobalLog[0].eventID == R991_e_1_ID and trueGlobalLog[1].eventID == R991_e_1_ID and trueGlobalLog[1].orderCount != 0,C:\Users\thore\OneDrive\Skrivebord\MasterThesis\SwarmProtocolVerification\src\example_protocols\5_roles_10_commands\65_max_5_roles_max_10_commands\65_max_5_roles_max_10_commands.json
9,1,0.5839500427246094,False,0.09362101554870605,E<> trueGlobalLog[0].eventID == R995_e_6_ID and trueGlobalLog[1].eventID == R995_e_4_ID and trueGlobalLog[2].eventID == R995_e_8_ID and trueGlobalLog[3].eventID == R995_e_3_ID and trueGlobalLog[4].eventID == R995_e_6_ID and trueGlobalLog[4].orderCount != 0,C:\Users\thore\OneDrive\Skrivebord\MasterThesis\SwarmProtocolVerification\src\example_protocols\5_roles_10_commands\66_max_5_roles_max_10_commands\66_max_5_roles_max_10_commands.json
11,3,1.8891642093658447,False,0.5917739868164062,E<> trueGlobalLog[0].eventID == R1007_e_3_ID and trueGlobalLog[1].eventID == R1007_e_0_ID and trueGlobalLog[2].eventID == R1006_e_1_ID and trueGlobalLog[3].eventID == R1007_e_2_ID and trueGlobalLog[4].eventID == R1008_e_0_ID and trueGlobalLog[5].eventID == R1008_e_0_ID and trueGlobalLog[5].orderCount != 0,C:\Users\thore\OneDrive\Skrivebord\MasterThesis\SwarmProtocolVerification\src\example_protocols\5_roles_10_commands\67_max_5_roles_max_10_commands\67_max_5_roles_max_10_commands.json
5,1,0.5962715148925781,False,0.08933281898498535,E<> trueGlobalLog[0].eventID == R1021_e_3_ID and trueGlobalLog[1].eventID == R1021_e_1_ID and trueGlobalLog[2].eventID == R1021_e_0_ID and trueGlobalLog[3].eventID == R1021_e_4_ID and trueGlobalLog[4].eventID == R1021_e_0_ID and trueGlobalLog[4].orderCount != 0,C:\Users\thore\OneDrive\Skrivebord\MasterThesis\SwarmProtocolVerification\src\example_protocols\5_roles_10_commands\68_max_5_roles_max_10_commands\68_max_5_roles_max_10_commands.json
3,1,0.5750107765197754,False,0.09699463844299316,E<> trueGlobalLog[0].eventID == R1028_e_0_ID and trueGlobalLog[1].eventID == R1028_e_2_ID and trueGlobalLog[2].eventID == R1028_e_0_ID and trueGlobalLog[2].orderCount != 0,C:\Users\thore\OneDrive\Skrivebord\MasterThesis\SwarmProtocolVerification\src\example_protocols\5_roles_10_commands\69_max_5_roles_max_10_commands\69_max_5_roles_max_10_commands.json
7,2,0.7283172607421875,False,0.1653761863708496,E<> trueGlobalLog[0].eventID == R91_e_1_ID and trueGlobalLog[1].eventID == R92_e_1_ID and trueGlobalLog[2].eventID == R92_e_0_ID and trueGlobalLog[3].eventID == R91_e_4_ID and trueGlobalLog[4].eventID == R91_e_0_ID and trueGlobalLog[5].eventID == R91_e_4_ID and trueGlobalLog[5].orderCount != 0,C:\Users\thore\OneDrive\Skrivebord\MasterThesis\SwarmProtocolVerification\src\example_protocols\5_roles_10_commands\6_max_5_roles_max_10_commands\6_max_5_roles_max_10_commands.json
8,1,0.6219978332519531,False,0.08566999435424805,E<> trueGlobalLog[0].eventID == R1032_e_2_ID and trueGlobalLog[1].eventID == R1032_e_7_ID and trueGlobalLog[2].eventID == R1032_e_4_ID and trueGlobalLog[3].eventID == R1032_e_6_ID and trueGlobalLog[4].eventID == R1032_e_1_ID and trueGlobalLog[5].eventID == R1032_e_1_ID and trueGlobalLog[5].orderCount != 0,C:\Users\thore\OneDrive\Skrivebord\MasterThesis\SwarmProtocolVerification\src\example_protocols\5_roles_10_commands\70_max_5_roles_max_10_commands\70_max_5_roles_max_10_commands.json
13,3,1.5985147953033447,False,2.0219502449035645,E<> trueGlobalLog[0].eventID == R1042_e_0_ID and trueGlobalLog[1].eventID == R1044_e_2_ID and trueGlobalLog[2].eventID == R1044_e_4_ID and trueGlobalLog[3].eventID == R1042_e_2_ID and trueGlobalLog[4].eventID == R1044_e_1_ID and trueGlobalLog[5].eventID == R1043_e_2_ID and trueGlobalLog[5].orderCount != 0,C:\Users\thore\OneDrive\Skrivebord\MasterThesis\SwarmProtocolVerification\src\example_protocols\5_roles_10_commands\71_max_5_roles_max_10_commands\71_max_5_roles_max_10_commands.json
7,2,1.064368486404419,False,0.12970781326293945,E<> trueGlobalLog[0].eventID == R1057_e_2_ID and trueGlobalLog[1].eventID == R1058_e_1_ID and trueGlobalLog[2].eventID == R1057_e_0_ID and trueGlobalLog[3].eventID == R1057_e_1_ID and trueGlobalLog[4].eventID == R1058_e_1_ID and trueGlobalLog[4].orderCount != 0,C:\Users\thore\OneDrive\Skrivebord\MasterThesis\SwarmProtocolVerification\src\example_protocols\5_roles_10_commands\72_max_5_roles_max_10_commands\72_max_5_roles_max_10_commands.json
5,1,0.5227320194244385,False,0.08279848098754883,E<> trueGlobalLog[0].eventID == R1066_e_3_ID and trueGlobalLog[1].eventID == R1066_e_2_ID and trueGlobalLog[2].eventID == R1066_e_0_ID and trueGlobalLog[3].eventID == R1066_e_1_ID and trueGlobalLog[4].eventID == R1066_e_2_ID and trueGlobalLog[4].orderCount != 0,C:\Users\thore\OneDrive\Skrivebord\MasterThesis\SwarmProtocolVerification\src\example_protocols\5_roles_10_commands\73_max_5_roles_max_10_commands\73_max_5_roles_max_10_commands.json
13,3,1.7533323764801025,False,0.2125556468963623,E<> trueGlobalLog[0].eventID == R1073_e_0_ID and trueGlobalLog[1].eventID == R1073_e_4_ID and trueGlobalLog[2].eventID == R1073_e_7_ID and trueGlobalLog[3].eventID == R1075_e_1_ID and trueGlobalLog[4].eventID == R1074_e_0_ID and trueGlobalLog[5].eventID == R1074_e_1_ID and trueGlobalLog[5].orderCount != 0,C:\Users\thore\OneDrive\Skrivebord\MasterThesis\SwarmProtocolVerification\src\example_protocols\5_roles_10_commands\74_max_5_roles_max_10_commands\74_max_5_roles_max_10_commands.json
5,1,0.5828783512115479,False,0.10029482841491699,E<> trueGlobalLog[0].eventID == R1089_e_3_ID and trueGlobalLog[1].eventID == R1089_e_4_ID and trueGlobalLog[2].eventID == R1089_e_2_ID and trueGlobalLog[2].orderCount != 0,C:\Users\thore\OneDrive\Skrivebord\MasterThesis\SwarmProtocolVerification\src\example_protocols\5_roles_10_commands\75_max_5_roles_max_10_commands\75_max_5_roles_max_10_commands.json
3,1,0.5263638496398926,False,0.07810306549072266,E<> trueGlobalLog[0].eventID == R1095_e_0_ID and trueGlobalLog[1].eventID == R1095_e_1_ID and trueGlobalLog[2].eventID == R1095_e_0_ID and trueGlobalLog[2].orderCount != 0,C:\Users\thore\OneDrive\Skrivebord\MasterThesis\SwarmProtocolVerification\src\example_protocols\5_roles_10_commands\76_max_5_roles_max_10_commands\76_max_5_roles_max_10_commands.json
19,3,1.7895305156707764,False,0.44307971000671387,E<> trueGlobalLog[0].eventID == R1102_e_0_ID and trueGlobalLog[1].eventID == R1100_e_6_ID and trueGlobalLog[2].eventID == R1102_e_3_ID and trueGlobalLog[3].eventID == R1102_e_1_ID and trueGlobalLog[4].eventID == R1102_e_4_ID and trueGlobalLog[5].eventID == R1100_e_2_ID and trueGlobalLog[5].orderCount != 0,C:\Users\thore\OneDrive\Skrivebord\MasterThesis\SwarmProtocolVerification\src\example_protocols\5_roles_10_commands\77_max_5_roles_max_10_commands\77_max_5_roles_max_10_commands.json
18,3,1.4586317539215088,False,1.0435459613800049,E<> trueGlobalLog[0].eventID == R1123_e_4_ID and trueGlobalLog[1].eventID == R1121_e_0_ID and trueGlobalLog[2].eventID == R1122_e_1_ID and trueGlobalLog[3].eventID == R1123_e_5_ID and trueGlobalLog[4].eventID == R1122_e_0_ID and trueGlobalLog[5].eventID == R1123_e_1_ID and trueGlobalLog[5].orderCount != 0,C:\Users\thore\OneDrive\Skrivebord\MasterThesis\SwarmProtocolVerification\src\example_protocols\5_roles_10_commands\78_max_5_roles_max_10_commands\78_max_5_roles_max_10_commands.json
23,3,1.7058477401733398,False,0.11252665519714355,E<> trueGlobalLog[0].eventID == R1143_e_7_ID and trueGlobalLog[1].eventID == R1143_e_2_ID and trueGlobalLog[2].eventID == R1141_e_5_ID and trueGlobalLog[3].eventID == R1141_e_3_ID and trueGlobalLog[4].eventID == R1143_e_1_ID and trueGlobalLog[5].eventID == R1142_e_3_ID and trueGlobalLog[5].orderCount != 0,C:\Users\thore\OneDrive\Skrivebord\MasterThesis\SwarmProtocolVerification\src\example_protocols\5_roles_10_commands\79_max_5_roles_max_10_commands\79_max_5_roles_max_10_commands.json
6,1,0.5201127529144287,False,0.25125718116760254,E<> trueGlobalLog[0].eventID == R100_e_1_ID and trueGlobalLog[1].eventID == R100_e_2_ID and trueGlobalLog[2].eventID == R100_e_3_ID and trueGlobalLog[3].eventID == R100_e_4_ID and trueGlobalLog[3].orderCount != 0,C:\Users\thore\OneDrive\Skrivebord\MasterThesis\SwarmProtocolVerification\src\example_protocols\5_roles_10_commands\7_max_5_roles_max_10_commands\7_max_5_roles_max_10_commands.json
5,1,0.5670099258422852,False,0.07893657684326172,E<> trueGlobalLog[0].eventID == R1168_e_0_ID and trueGlobalLog[1].eventID == R1168_e_1_ID and trueGlobalLog[2].eventID == R1168_e_3_ID and trueGlobalLog[3].eventID == R1168_e_4_ID and trueGlobalLog[4].eventID == R1168_e_3_ID and trueGlobalLog[4].orderCount != 0,C:\Users\thore\OneDrive\Skrivebord\MasterThesis\SwarmProtocolVerification\src\example_protocols\5_roles_10_commands\80_max_5_roles_max_10_commands\80_max_5_roles_max_10_commands.json
17,4,2.282341718673706,False,0.3505573272705078,E<> trueGlobalLog[0].eventID == R1175_e_0_ID and trueGlobalLog[1].eventID == R1175_e_4_ID and trueGlobalLog[2].eventID == R1175_e_1_ID and trueGlobalLog[3].eventID == R1177_e_4_ID and trueGlobalLog[4].eventID == R1177_e_3_ID and trueGlobalLog[5].eventID == R1175_e_1_ID and trueGlobalLog[5].orderCount != 0,C:\Users\thore\OneDrive\Skrivebord\MasterThesis\SwarmProtocolVerification\src\example_protocols\5_roles_10_commands\81_max_5_roles_max_10_commands\81_max_5_roles_max_10_commands.json
10,2,1.0985944271087646,False,0.1151735782623291,E<> trueGlobalLog[0].eventID == R1197_e_0_ID and trueGlobalLog[1].eventID == R1197_e_1_ID and trueGlobalLog[2].eventID == R1196_e_3_ID and trueGlobalLog[3].eventID == R1197_e_3_ID and trueGlobalLog[4].eventID == R1197_e_4_ID and trueGlobalLog[5].eventID == R1197_e_3_ID and trueGlobalLog[5].orderCount != 0,C:\Users\thore\OneDrive\Skrivebord\MasterThesis\SwarmProtocolVerification\src\example_protocols\5_roles_10_commands\82_max_5_roles_max_10_commands\82_max_5_roles_max_10_commands.json
11,3,2.3067758083343506,False,0.10426735877990723,E<> trueGlobalLog[0].eventID == R106_e_0_ID and trueGlobalLog[1].eventID == R107_e_1_ID and trueGlobalLog[2].eventID == R106_e_2_ID and trueGlobalLog[3].eventID == R108_e_0_ID and trueGlobalLog[4].eventID == R106_e_3_ID and trueGlobalLog[5].eventID == R107_e_0_ID and trueGlobalLog[5].orderCount != 0,C:\Users\thore\OneDrive\Skrivebord\MasterThesis\SwarmProtocolVerification\src\example_protocols\5_roles_10_commands\8_max_5_roles_max_10_commands\8_max_5_roles_max_10_commands.json
9,1,0.5489988327026367,False,0.08925032615661621,E<> trueGlobalLog[0].eventID == R120_e_2_ID and trueGlobalLog[1].eventID == R120_e_3_ID and trueGlobalLog[2].eventID == R120_e_7_ID and trueGlobalLog[3].eventID == R120_e_5_ID and trueGlobalLog[4].eventID == R120_e_4_ID and trueGlobalLog[5].eventID == R120_e_2_ID and trueGlobalLog[5].orderCount != 0,C:\Users\thore\OneDrive\Skrivebord\MasterThesis\SwarmProtocolVerification\src\example_protocols\5_roles_10_commands\9_max_5_roles_max_10_commands\9_max_5_roles_max_10_commands.json
